Resource,Tika Format,Tika Format - no ext,Fidget Format,Fidget Format - no ext
"desktop-publishing/InDesign/Neddy_Flyer_ft_HeatherRyan.jpg","image/jpeg","image/jpeg","image/jpeg","image/jpeg"
"desktop-publishing/InDesign/Neddy_Flyer_HeatherRyan.indd","application/x-adobe-indesign","application/octet-stream","application/x-adobe-indesign","application/octet-stream"
"desktop-publishing/InDesign/Neddy_Flyer_HeatherRyan.pdf","application/pdf","application/pdf","application/pdf","application/pdf"
"desktop-publishing/InDesign/Neddy_Flyer_README_HeatherRyan.md.rtf","application/rtf","application/rtf","application/rtf","application/rtf"
"ebooks/calibre%200.8.57/Lorem%20Ipsum%20-%20Andrew%20Jackson.azw3","application/octet-stream","application/octet-stream","application/x-mobipocket-mobibook","application/x-mobipocket-mobibook"
"ebooks/calibre%200.8.57/Lorem%20Ipsum%20-%20Andrew%20Jackson.epub","application/epub+zip","application/epub+zip","application/epub+zip","application/epub+zip"
"ebooks/calibre%200.8.57/Lorem%20Ipsum%20-%20Andrew%20Jackson.fb2","application/x-fictionbook+xml","application/x-fictionbook+xml","application/x-fictionbook+xml","application/x-fictionbook+xml"
"ebooks/calibre%200.8.57/Lorem%20Ipsum%20-%20Andrew%20Jackson.htmlz","application/zip","application/zip","application/zip","application/zip"
"ebooks/calibre%200.8.57/Lorem%20Ipsum%20-%20Andrew%20Jackson.lit","application/octet-stream","application/octet-stream","application/x-ms-reader","application/x-ms-reader"
"ebooks/calibre%200.8.57/Lorem%20Ipsum%20-%20Andrew%20Jackson.lrf","application/octet-stream","application/octet-stream","application/x-ext-lrf","application/x-ext-lrf"
"ebooks/calibre%200.8.57/Lorem%20Ipsum%20-%20Andrew%20Jackson.mobi","application/x-mobipocket-ebook","application/octet-stream","application/x-mobipocket-mobibook","application/x-mobipocket-mobibook"
"ebooks/calibre%200.8.57/Lorem%20Ipsum%20-%20Andrew%20Jackson.opf","application/oebps-package+xml","application/xml","application/oebps-package+xml","application/xml"
"ebooks/calibre%200.8.57/Lorem%20Ipsum%20-%20Andrew%20Jackson.pdb","chemical/x-pdb","application/octet-stream","application/x-pdb-textread-ebook","application/x-pdb-textread-ebook"
"ebooks/calibre%200.8.57/Lorem%20Ipsum%20-%20Andrew%20Jackson.pdf","application/pdf","application/pdf","application/pdf","application/pdf"
"ebooks/calibre%200.8.57/Lorem%20Ipsum%20-%20Andrew%20Jackson.pmlz","application/zip","application/zip","application/zip","application/zip"
"ebooks/calibre%200.8.57/Lorem%20Ipsum%20-%20Andrew%20Jackson.rb","text/x-ruby","application/octet-stream","application/x-rocketbook","application/x-rocketbook"
"ebooks/calibre%200.8.57/Lorem%20Ipsum%20-%20Andrew%20Jackson.rtf","application/rtf","application/rtf","application/rtf","application/rtf"
"ebooks/calibre%200.8.57/Lorem%20Ipsum%20-%20Andrew%20Jackson.snb","application/octet-stream","application/octet-stream","application/x-snb-ebook","application/x-snb-ebook"
"ebooks/calibre%200.8.57/Lorem%20Ipsum%20-%20Andrew%20Jackson.txt","text/plain","text/plain","text/plain","text/plain"
"ebooks/calibre%200.8.57/Lorem%20Ipsum%20-%20Andrew%20Jackson.txtz","application/zip","application/zip","application/zip","application/zip"
"ebooks/calibre%200.8.57/Lorem%20Ipsum%20-%20Andrew%20Jackson.zip","application/zip","application/zip","application/zip","application/zip"
"ebooks/calibre%200.9.0/create-variations.sh","application/x-sh","text/plain","application/x-sh","text/plain"
"ebooks/calibre%200.9.0/lorem-ipsum.azw3","application/octet-stream","application/octet-stream","application/x-mobipocket-mobibook","application/x-mobipocket-mobibook"
"ebooks/calibre%200.9.0/lorem-ipsum.epub","application/epub+zip","application/epub+zip","application/epub+zip","application/epub+zip"
"ebooks/calibre%200.9.0/lorem-ipsum.fb2","application/x-fictionbook+xml","application/x-fictionbook+xml","application/x-fictionbook+xml","application/x-fictionbook+xml"
"ebooks/calibre%200.9.0/lorem-ipsum.htmlz","application/zip","application/zip","application/zip","application/zip"
"ebooks/calibre%200.9.0/lorem-ipsum.lit","application/octet-stream","application/octet-stream","application/x-ms-reader","application/x-ms-reader"
"ebooks/calibre%200.9.0/lorem-ipsum.lrf","application/octet-stream","application/octet-stream","application/x-ext-lrf","application/x-ext-lrf"
"ebooks/calibre%200.9.0/lorem-ipsum.mobi","application/x-mobipocket-ebook","application/octet-stream","application/x-mobipocket-mobibook","application/x-mobipocket-mobibook"
"ebooks/calibre%200.9.0/lorem-ipsum.pdb","chemical/x-pdb","application/octet-stream","application/x-pdb-textread-ebook","application/x-pdb-textread-ebook"
"ebooks/calibre%200.9.0/lorem-ipsum.pdf","application/pdf","application/pdf","application/pdf","application/pdf"
"ebooks/calibre%200.9.0/lorem-ipsum.pmlz","application/zip","application/zip","application/zip","application/zip"
"ebooks/calibre%200.9.0/lorem-ipsum.rb","text/x-ruby","application/octet-stream","application/x-rocketbook","application/x-rocketbook"
"ebooks/calibre%200.9.0/lorem-ipsum.rtf","application/rtf","application/rtf","application/rtf","application/rtf"
"ebooks/calibre%200.9.0/lorem-ipsum.snb","application/octet-stream","application/octet-stream","application/x-snb-ebook","application/x-snb-ebook"
"ebooks/calibre%200.9.0/lorem-ipsum.txt","text/plain","text/plain","text/plain","text/plain"
"ebooks/calibre%200.9.0/lorem-ipsum.txtz","application/zip","application/zip","application/zip","application/zip"
"ebooks/calibre%200.9.0/lorem-ipsum.zip","application/zip","application/zip","application/zip","application/zip"
"ebooks/calibre%200.9.0/README.md","text/plain","text/plain","text/plain","text/plain"
"ebooks/iBooks%20Author%201.1%20(190)/lorem-ipsum-openprintcopypw.pdf","application/pdf","application/pdf","application/pdf","application/pdf"
"ebooks/iBooks%20Author%201.1%20(190)/lorem-ipsum-plus-image-openprintcopypw.pdf","application/pdf","application/pdf","application/pdf","application/pdf"
"ebooks/iBooks%20Author%201.1%20(190)/lorem-ipsum-plus-image.iba","application/zip","application/zip","application/vnd.apple.ibauthor","application/zip"
"ebooks/iBooks%20Author%201.1%20(190)/lorem-ipsum-plus-image.ibooks","application/x-ibooks+zip","application/x-ibooks+zip","application/x-ibooks+zip","application/x-ibooks+zip"
"ebooks/iBooks%20Author%201.1%20(190)/lorem-ipsum-plus-image.pdf","application/pdf","application/pdf","application/pdf","application/pdf"
"ebooks/iBooks%20Author%201.1%20(190)/lorem-ipsum.iba","application/zip","application/zip","application/vnd.apple.ibauthor","application/zip"
"ebooks/iBooks%20Author%201.1%20(190)/lorem-ipsum.ibooks","application/x-ibooks+zip","application/x-ibooks+zip","application/x-ibooks+zip","application/x-ibooks+zip"
"ebooks/iBooks%20Author%201.1%20(190)/lorem-ipsum.pdf","application/pdf","application/pdf","application/pdf","application/pdf"
"ebooks/iBooks%20Author%202.0%20(327)/lorem-ipsum-plus-image-updated-opencopyprintpw.pdf","application/pdf","application/pdf","application/pdf","application/pdf"
"ebooks/iBooks%20Author%202.0%20(327)/lorem-ipsum-plus-image-updated-opencopyprintpw.screenshot01.png","image/png","image/png","image/png","image/png"
"ebooks/iBooks%20Author%202.0%20(327)/lorem-ipsum-plus-image-updated-standard-1.0.ibooks","application/x-ibooks+zip","application/x-ibooks+zip","application/x-ibooks+zip","application/x-ibooks+zip"
"ebooks/iBooks%20Author%202.0%20(327)/lorem-ipsum-plus-image-updated-standard-1.0.screenshot01.png","image/png","image/png","image/png","image/png"
"ebooks/iBooks%20Author%202.0%20(327)/lorem-ipsum-plus-image-updated.iba","application/zip","application/zip","application/vnd.apple.ibauthor","application/zip"
"ebooks/iBooks%20Author%202.0%20(327)/lorem-ipsum-plus-image-updated.iba.md","text/plain","text/plain","text/plain","text/plain"
"ebooks/iBooks%20Author%202.0%20(327)/lorem-ipsum-plus-image-updated.pdf","application/pdf","application/pdf","application/pdf","application/pdf"
"ebooks/iBooks%20Author%202.0%20(327)/lorem-ipsum-plus-image-updated.screenshot01.png","image/png","image/png","image/png","image/png"
"file-archive/arj/MAPS.ARJ","application/octet-stream","application/octet-stream","application/octet-stream","application/octet-stream"
"file-archive/arj/readme.md","text/plain","text/plain","text/plain","text/plain"
"file-archive/readme.md","text/plain","text/plain","text/plain","text/plain"
"filesys-trials/a-bad-name/characters/!","application/octet-stream","application/octet-stream","application/octet-stream","application/octet-stream"
"filesys-trials/a-bad-name/characters/%23","application/octet-stream","application/octet-stream","application/octet-stream","application/octet-stream"
"filesys-trials/a-bad-name/characters/$","application/octet-stream","application/octet-stream","application/octet-stream","application/octet-stream"
"filesys-trials/a-bad-name/characters/%25","application/octet-stream","application/octet-stream","application/octet-stream","application/octet-stream"
"filesys-trials/a-bad-name/characters/'","application/octet-stream","application/octet-stream","application/octet-stream","application/octet-stream"
"filesys-trials/a-bad-name/characters/(","application/octet-stream","application/octet-stream","application/octet-stream","application/octet-stream"
"filesys-trials/a-bad-name/characters/()","application/octet-stream","application/octet-stream","application/octet-stream","application/octet-stream"
"filesys-trials/a-bad-name/characters/(.)","application/octet-stream","application/octet-stream","application/octet-stream","application/octet-stream"
"filesys-trials/a-bad-name/characters/)","application/octet-stream","application/octet-stream","application/octet-stream","application/octet-stream"
"filesys-trials/a-bad-name/characters/+","application/octet-stream","application/octet-stream","application/octet-stream","application/octet-stream"
"filesys-trials/a-bad-name/characters/-","application/octet-stream","application/octet-stream","application/octet-stream","application/octet-stream"
"filesys-trials/a-bad-name/characters/;","application/octet-stream","application/octet-stream","application/octet-stream","application/octet-stream"
"filesys-trials/a-bad-name/characters/=","application/octet-stream","application/octet-stream","application/octet-stream","application/octet-stream"
"filesys-trials/a-bad-name/characters/@","application/octet-stream","application/octet-stream","application/octet-stream","application/octet-stream"
"filesys-trials/a-bad-name/characters/%5B","application/octet-stream","application/octet-stream","application/octet-stream","application/octet-stream"
"filesys-trials/a-bad-name/characters/%5B%5D","application/octet-stream","application/octet-stream","application/octet-stream","application/octet-stream"
"filesys-trials/a-bad-name/characters/%5D","application/octet-stream","application/octet-stream","application/octet-stream","application/octet-stream"
"filesys-trials/a-bad-name/characters/%5E","application/octet-stream","application/octet-stream","application/octet-stream","application/octet-stream"
"filesys-trials/a-bad-name/characters/_","application/octet-stream","application/octet-stream","application/octet-stream","application/octet-stream"
"filesys-trials/a-bad-name/characters/%60","application/octet-stream","application/octet-stream","application/octet-stream","application/octet-stream"
"filesys-trials/a-bad-name/characters/%7B","application/octet-stream","application/octet-stream","application/octet-stream","application/octet-stream"
"filesys-trials/a-bad-name/characters/%7B%20(2).%7D","application/octet-stream","application/octet-stream","application/octet-stream","application/octet-stream"
"filesys-trials/a-bad-name/characters/%7B.%7D","application/octet-stream","application/octet-stream","application/octet-stream","application/octet-stream"
"filesys-trials/a-bad-name/characters/%7B%7D","application/octet-stream","application/octet-stream","application/octet-stream","application/octet-stream"
"filesys-trials/a-bad-name/characters/%7D","application/octet-stream","application/octet-stream","application/octet-stream","application/octet-stream"
"filesys-trials/a-bad-name/characters/~","application/octet-stream","application/octet-stream","application/octet-stream","application/octet-stream"
"filesys-trials/a-bad-name/characters/%C2%A3","application/octet-stream","application/octet-stream","application/octet-stream","application/octet-stream"
"filesys-trials/a-bad-name/characters/%C2%AC","application/octet-stream","application/octet-stream","application/octet-stream","application/octet-stream"
"filesys-trials/empty/null","application/octet-stream","application/octet-stream","application/octet-stream","application/octet-stream"
"filesys-trials/readme.md","text/plain","text/plain","text/plain","text/plain"
"jp2k-formats/balloon.j2c","application/octet-stream","application/octet-stream","image/x-jp2-codestream","image/x-jp2-codestream"
"jp2k-formats/balloon.jp2","application/octet-stream","application/octet-stream","image/jp2","image/jp2"
"jp2k-formats/balloon.jpf","application/octet-stream","application/octet-stream","image/jpx","image/jpx"
"jp2k-formats/balloon.jpm","video/jpm","application/octet-stream","image/jpm","image/jpm"
"jp2k-formats/readme.md","text/plain","text/plain","text/plain","text/plain"
"jp2k-formats/Speedway.mj2","video/mj2","application/octet-stream","video/mj2","video/mj2"
"jp2k-test/byteCorruption/balloon.jpg","image/jpeg","image/jpeg","image/jpeg","image/jpeg"
"jp2k-test/byteCorruption/balloon_intact.jp2","application/octet-stream","application/octet-stream","image/jp2","image/jp2"
"jp2k-test/byteCorruption/balloon_intact.jp2.xml","application/xml","application/xml","application/xml","application/xml"
"jp2k-test/byteCorruption/balloon_trunc1.jp2","application/octet-stream","application/octet-stream","image/jp2","image/jp2"
"jp2k-test/byteCorruption/balloon_trunc1.jp2.xml","application/xml","application/xml","application/xml","application/xml"
"jp2k-test/byteCorruption/balloon_trunc2.jp2","application/octet-stream","application/octet-stream","image/jp2","image/jp2"
"jp2k-test/byteCorruption/balloon_trunc2.jp2.xml","application/xml","application/xml","application/xml","application/xml"
"jp2k-test/byteCorruption/balloon_trunc3.jp2","application/octet-stream","application/octet-stream","image/jp2","image/jp2"
"jp2k-test/byteCorruption/balloon_trunc3.jp2.xml","application/xml","application/xml","application/xml","application/xml"
"jp2k-test/diagram.png","image/png","image/png","image/png","image/png"
"jp2k-test/icc/balloon_eciRGBv2.tif","image/tiff","image/tiff","image/tiff","image/tiff"
"jp2k-test/icc/balloon_eciRGBv2_aware.jp2","application/octet-stream","application/octet-stream","image/jp2","image/jp2"
"jp2k-test/icc/balloon_eciRGBv2_aware.jp2.xml","application/xml","application/xml","application/xml","application/xml"
"jp2k-test/icc/balloon_eciRGBv2_ps_adobeplugin.jpf","application/octet-stream","application/octet-stream","image/jp2","image/jp2"
"jp2k-test/icc/balloon_eciRGBv2_ps_adobeplugin.jpf.xml","application/xml","application/xml","application/xml","application/xml"
"jp2k-test/icc/balloon_eciRGBv2_ps_adobeplugin_jp2compatible.jpf","application/octet-stream","application/octet-stream","image/jp2","image/jp2"
"jp2k-test/icc/balloon_eciRGBv2_ps_adobeplugin_jp2compatible.jpf.xml","application/xml","application/xml","application/xml","application/xml"
"jp2k-test/icc/balloon_eciRGBv2_ps_kduplugin.jp2","application/octet-stream","application/octet-stream","image/jp2","image/jp2"
"jp2k-test/icc/balloon_eciRGBv2_ps_kduplugin.jp2.xml","application/xml","application/xml","application/xml","application/xml"
"jp2k-test/readme.md","text/plain","text/plain","text/plain","text/plain"
"jp2k-test/resolution/balloon.tif","image/tiff","image/tiff","image/tiff","image/tiff"
"jp2k-test/resolution/balloon_aware.jp2","application/octet-stream","application/octet-stream","image/jp2","image/jp2"
"jp2k-test/resolution/balloon_aware.jp2.xml","application/xml","application/xml","application/xml","application/xml"
"jp2k-test/resolution/balloon_gm.jp2","application/octet-stream","application/octet-stream","image/jp2","image/jp2"
"jp2k-test/resolution/balloon_gm.jp2.xml","application/xml","application/xml","application/xml","application/xml"
"jp2k-test/resolution/balloon_kdu61.jp2","application/octet-stream","application/octet-stream","image/jp2","image/jp2"
"jp2k-test/resolution/balloon_kdu61.jp2.xml","application/xml","application/xml","application/xml","application/xml"
"jp2k-test/resolution/balloon_kdu71.jp2","application/octet-stream","application/octet-stream","image/jp2","image/jp2"
"jp2k-test/resolution/balloon_kdu71.jp2.xml","application/xml","application/xml","application/xml","application/xml"
"jp2k-test/resolution/balloon_oj.jp2","application/octet-stream","application/octet-stream","image/jp2","image/jp2"
"jp2k-test/resolution/balloon_oj.jp2.xml","application/xml","application/xml","application/xml","application/xml"
"knowledge-management/Concept%20Draw/ConceptDraw%20Format%20metadata%20template.csv","text/csv","text/plain","text/csv","text/plain"
"knowledge-management/Concept%20Draw/To%20Do.cdd","application/octet-stream","application/octet-stream","application/octet-stream","application/octet-stream"
"knowledge-management/Mind%20Manager/copac-uknuc.mmp","application/vnd.mindjet.mindmanager","application/octet-stream","application/vnd.mindjet.mindmanager","application/octet-stream"
"knowledge-management/Mind%20Manager/copac-uknuc.png","image/png","image/png","image/png","image/png"
"knowledge-management/Mind%20Manager/COPAC.UKNUC.xml","application/xml","application/xml","application/xml","application/xml"
"knowledge-management/Mind%20Manager/Mind%20Manager%20Format%20metadata%20template.csv","text/csv","text/plain","text/csv","text/plain"
"knowledge-management/NovaMind/Curation%20outline%203.nmind","application/x-gzip","application/x-gzip","application/x-gzip","application/x-gzip"
"knowledge-management/NovaMind/Curation%20outline%203.nmind.md","text/plain","text/plain","text/plain","text/plain"
"knowledge-management/NovaMind/Curation%20outline%203.opml","application/xml","application/xml","application/xml","application/xml"
"knowledge-management/NovaMind/Curation%20outline%203.opml.md","text/plain","text/plain","text/plain","text/plain"
"metadata-template.ext.md","text/plain","text/plain","text/plain","text/plain"
"office/readme.md","text/plain","text/plain","text/plain","text/plain"
"office/spreadsheet/wk1/KSBASE.WK1","application/x-123","application/x-123","application/x-123","application/x-123"
"office/spreadsheet/wk1/PEYNEVAL.WK1","application/x-123","application/x-123","application/x-123","application/x-123"
"office/spreadsheet/wk1/PF.WK1","application/x-123","application/x-123","application/x-123","application/x-123"
"office/spreadsheet/wk1/PFVALUES.WK1","application/x-123","application/x-123","application/x-123","application/x-123"
"office/spreadsheet/wk1/readme.md","text/plain","text/plain","text/plain","text/plain"
"office/spreadsheet/wk3/PEYTREND.WK3","application/x-123","application/x-123","application/x-123","application/x-123"
"office/spreadsheet/wk3/readme.md","text/plain","text/plain","text/plain","text/plain"
"office/spreadsheet/wq1/KSBASE.WQ1","application/x-123","application/x-123","application/x-123","application/x-123"
"office/spreadsheet/wq1/readme.md","text/plain","text/plain","text/plain","text/plain"
"office/spreadsheet/wq2/KS4000.WQ2","application/x-123","application/x-123","application/x-123","application/x-123"
"office/spreadsheet/wq2/KS4001.WQ2","application/x-123","application/x-123","application/x-123","application/x-123"
"office/spreadsheet/wq2/KSBASE.WQ2","application/x-123","application/x-123","application/x-123","application/x-123"
"office/spreadsheet/wq2/readme.md","text/plain","text/plain","text/plain","text/plain"
"office/spreadsheet/xls/MonteCarlo.xls","application/vnd.ms-excel","application/x-tika-msoffice","application/vnd.ms-excel","application/x-tika-msoffice"
"office/spreadsheet/xls/readme.md","text/plain","text/plain","text/plain","text/plain"
"office/spreadsheet/xls/valid.xls","application/vnd.ms-excel","application/vnd.ms-excel","application/vnd.ms-excel","application/vnd.ms-excel"
"office/wordprocessing/wpd/readme.md","text/plain","text/plain","text/plain","text/plain"
"office/wordprocessing/wpd/TOPOPREC.WPD","application/vnd.wordperfect","application/octet-stream","application/vnd.wordperfect","application/octet-stream"
"office-examples/LibreOffice%203.5.0rc3%20OSX/index.md","text/plain","text/plain","text/plain","text/plain"
"office-examples/LibreOffice%203.5.0rc3%20OSX/simple.odt","application/vnd.oasis.opendocument.text","application/vnd.oasis.opendocument.text","application/vnd.oasis.opendocument.text","application/vnd.oasis.opendocument.text"
"office-examples/LibreOffice%203.5.0rc3%20OSX/simple.odt.md","text/plain","text/plain","text/plain","text/plain"
"office-examples/LibreOffice%203.5.0rc3%20OSX/simple.pdf","application/pdf","application/pdf","application/pdf","application/pdf"
"office-examples/LibreOffice%203.5.0rc3%20OSX/simple.pdf.md","text/plain","text/plain","text/plain","text/plain"
"office-examples/Old%20Access/MS%20Access%20Format%20metadata%20template.csv","text/csv","text/plain","text/csv","text/plain"
"office-examples/Old%20Access/reviews.mdb","application/x-msaccess","application/x-msaccess","application/x-msaccess","application/x-msaccess"
"office-examples/Old%20Access/Reviews.xls","application/vnd.ms-excel","application/vnd.ms-excel","application/vnd.ms-excel","application/vnd.ms-excel"
"office-examples/Old%20Word%20file/MS%20Word%205%20Format%20metadata%20template.csv","text/csv","text/plain","text/csv","text/plain"
"office-examples/Old%20Word%20file/NEWSSLID.DOC","application/msword","application/octet-stream","application/msword","application/octet-stream"
"office-examples/OpenOffice.org%203.2.0%20OSX/embeds/embedded-lucinda-sans-PDFA-1a.pdf","application/pdf","application/pdf","application/pdf","application/pdf"
"office-examples/OpenOffice.org%203.2.0%20OSX/embeds/embedded-lucinda-sans.odt","application/vnd.oasis.opendocument.text","application/vnd.oasis.opendocument.text","application/vnd.oasis.opendocument.text","application/vnd.oasis.opendocument.text"
"office-examples/OpenOffice.org%203.2.0%20OSX/embeds/embedded-lucinda-sans.pdf","application/pdf","application/pdf","application/pdf","application/pdf"
"office-examples/OpenOffice.org%203.2.0%20OSX/embeds/embedded-png.odt","application/vnd.oasis.opendocument.text","application/vnd.oasis.opendocument.text","application/vnd.oasis.opendocument.text","application/vnd.oasis.opendocument.text"
"office-examples/OpenOffice.org%203.2.0%20OSX/embeds/embedded-png.pdf","application/pdf","application/pdf","application/pdf","application/pdf"
"office-examples/OpenOffice.org%203.2.0%20OSX/embeds/embedded-tiff.odt","application/vnd.oasis.opendocument.text","application/vnd.oasis.opendocument.text","application/vnd.oasis.opendocument.text","application/vnd.oasis.opendocument.text"
"office-examples/OpenOffice.org%203.2.0%20OSX/embeds/embedded-tiff.pdf","application/pdf","application/pdf","application/pdf","application/pdf"
"office-examples/OpenOffice.org%203.2.0%20OSX/pdf-features/simple-annotated-in-adobe-x.pdf","application/pdf","application/pdf","application/pdf","application/pdf"
"office-examples/OpenOffice.org%203.2.0%20OSX/pdf-features/simple-open-nocopy-password.pdf","application/pdf","application/pdf","application/pdf","application/pdf"
"office-examples/OpenOffice.org%203.2.0%20OSX/pdf-features/simple-open-nocopy-password.pdf.jhove.xml","application/xml","application/xml","application/xml","application/xml"
"office-examples/OpenOffice.org%203.2.0%20OSX/pdf-features/simple-open-password.pdf","application/pdf","application/pdf","application/pdf","application/pdf"
"office-examples/OpenOffice.org%203.2.0%20OSX/pdf-features/simple-open-password.pdf.jhove.xml","application/xml","application/xml","application/xml","application/xml"
"office-examples/OpenOffice.org%203.2.0%20OSX/pdf-features/simple-password-copy.pdf","application/pdf","application/pdf","application/pdf","application/pdf"
"office-examples/OpenOffice.org%203.2.0%20OSX/pdf-features/simple-password-copy.pdf.jhove.xml","application/xml","text/plain","application/xml","text/plain"
"office-examples/OpenOffice.org%203.2.0%20OSX/pdf-features/simple-password-nocopy.pdf","application/pdf","application/pdf","application/pdf","application/pdf"
"office-examples/OpenOffice.org%203.2.0%20OSX/pdf-features/simple-password-nocopy.pdf.jhove.xml","application/xml","application/xml","application/xml","application/xml"
"office-examples/OpenOffice.org%203.2.0%20OSX/pdf-features/simple-PDFA-1a.pdf","application/pdf","application/pdf","application/pdf","application/pdf"
"office-examples/OpenOffice.org%203.2.0%20OSX/pdf-features/simple.odt","application/vnd.oasis.opendocument.text","application/vnd.oasis.opendocument.text","application/vnd.oasis.opendocument.text","application/vnd.oasis.opendocument.text"
"office-examples/OpenOffice.org%203.2.0%20OSX/pdf-features/simple.pdf","application/pdf","application/pdf","application/pdf","application/pdf"
"office-examples/OpenOffice.org%203.2.0%20OSX/pdf-features/simple.pdf.jhove.xml","application/xml","application/xml","application/xml","application/xml"
"office-examples/OpenOffice.org%203.2.0%20OSX/pdf-features/simple.xhtml","application/xhtml+xml","application/xhtml+xml","application/xhtml+xml","application/xhtml+xml"
"office-examples/OpenOffice.org%203.2.0%20OSX/README.md","text/plain","text/plain","text/plain","text/plain"
"office-examples/OpenOffice.org%203.3.0%20OSX/application-manifest.sha1","text/plain","text/plain","text/plain","text/plain"
"office-examples/OpenOffice.org%203.3.0%20OSX/application-manifest.sha1.cmd","text/plain","text/plain","text/plain","text/plain"
"office-examples/OpenOffice.org%203.3.0%20OSX/application-manifest.txt","text/plain","text/plain","text/plain","text/plain"
"office-examples/OpenOffice.org%203.3.0%20OSX/application-manifest.txt.cmd","text/plain","text/plain","text/plain","text/plain"
"office-examples/OpenOffice.org%203.3.0%20OSX/index.md","text/plain","text/plain","text/plain","text/plain"
"office-examples/OpenOffice.org%203.3.0%20OSX/pdf-features/simple.odt","application/vnd.oasis.opendocument.text","application/vnd.oasis.opendocument.text","application/vnd.oasis.opendocument.text","application/vnd.oasis.opendocument.text"
"office-examples/OpenOffice.org%203.3.0%20OSX/pdf-features/simple.odt.md","text/plain","text/plain","text/plain","text/plain"
"office-examples/OpenOffice.org%203.3.0%20OSX/pdf-features/simple.pdf","application/pdf","application/pdf","application/pdf","application/pdf"
"office-examples/OpenOffice.org%203.3.0%20OSX/pdf-features/simple.pdf.md","text/plain","text/plain","text/plain","text/plain"
"office-examples/powerpoint4-mac/ecdl%20paris.ppt","application/vnd.ms-powerpoint","application/x-tika-msoffice","application/vnd.ms-powerpoint","application/x-tika-msoffice"
"office-examples/powerpoint4-mac/ecdl+paris2001.ppt","application/vnd.ms-powerpoint","application/x-tika-msoffice","application/vnd.ms-powerpoint","application/x-tika-msoffice"
"office-examples/powerpoint4-mac/file.txt","text/plain","text/plain","text/plain","text/plain"
"office-examples/powerpoint4-mac/README.md","text/plain","text/plain","text/plain","text/plain"
"office-examples/powerpoint4-mac/unc-%20oxford.ppt","application/msword","application/msword","application/msword","application/msword"
"office-examples/powerpoint4-mac/unc-+oxford2001.ppt","application/vnd.ms-powerpoint","application/x-tika-msoffice","application/vnd.ms-powerpoint","application/x-tika-msoffice"
"office-examples/README.md","text/plain","text/plain","text/plain","text/plain"
"pcraster/AREA2.MAP","application/octet-stream","application/octet-stream","application/octet-stream","application/octet-stream"
"pcraster/BODEM.MAP","application/octet-stream","application/octet-stream","application/octet-stream","application/octet-stream"
"pcraster/HOOGTE2.MAP","application/octet-stream","application/octet-stream","application/octet-stream","application/octet-stream"
"pcraster/LAITRUNC.MAP","application/octet-stream","application/octet-stream","application/octet-stream","application/octet-stream"
"pcraster/LAND.MAP","application/octet-stream","application/octet-stream","application/octet-stream","application/octet-stream"
"pcraster/readme.md","text/plain","text/plain","text/plain","text/plain"
"plain-text/lorem-ipsum.txt","text/plain","text/plain","text/plain","text/plain"
"plain-text/README.md","text/plain","text/plain","text/plain","text/plain"
"plain-text/variations/application/epub+zip/lorem-ipsum-pages-09-4.1-923.epub","application/epub+zip","application/epub+zip","application/epub+zip","application/epub+zip"
"plain-text/variations/application/epub+zip/lorem-ipsum-pages-09-4.1-923.epub.md","text/plain","text/plain","text/plain","text/plain"
"plain-text/variations/application/msword/lorem-ipsum-pages-09-4.1-923.doc","application/msword","application/x-tika-msoffice","application/msword","application/x-tika-msoffice"
"plain-text/variations/application/msword/lorem-ipsum-pages-09-4.1-923.doc.md","text/plain","text/plain","text/plain","text/plain"
"plain-text/variations/application/msword/lorem-ipsum.doc","application/msword","application/x-tika-msoffice","application/msword","application/x-tika-msoffice"
"plain-text/variations/application/msword/lorem-ipsum.doc.md","text/plain","text/plain","text/plain","text/plain"
"plain-text/variations/application/pdf/lorem-ipsum-pages-09-4.1-923.pdf","application/pdf","application/pdf","application/pdf","application/pdf"
"plain-text/variations/application/pdf/lorem-ipsum-pages-09-4.1-923.pdf.md","text/plain","text/plain","text/plain","text/plain"
"plain-text/variations/application/pdf/lorem-ipsum.oo3.2.export-pdfa.pdf","application/pdf","application/pdf","application/pdf","application/pdf"
"plain-text/variations/application/pdf/lorem-ipsum.oo3.2.export.pdf","application/pdf","application/pdf","application/pdf","application/pdf"
"plain-text/variations/application/pdf/lorem-ipsum.pdf","application/pdf","application/pdf","application/pdf","application/pdf"
"plain-text/variations/application/pdf/lorem-ipsum.pdf.md","text/plain","text/plain","text/plain","text/plain"
"plain-text/variations/application/rtf/lorem-ipsum.rtf","application/rtf","application/rtf","application/rtf","application/rtf"
"plain-text/variations/application/rtf/lorem-ipsum.rtf.md","text/plain","text/plain","text/plain","text/plain"
"plain-text/variations/application/vnd.oasis.opendocument.text/lorem-ipsum.oo3.2.odt","application/vnd.oasis.opendocument.text","application/vnd.oasis.opendocument.text","application/vnd.oasis.opendocument.text","application/vnd.oasis.opendocument.text"
"plain-text/variations/application/vnd.openxmlformats-officedocument.wordprocessingml.document/lorem-ipsum.docx","application/vnd.openxmlformats-officedocument.wordprocessingml.document","application/x-tika-ooxml","application/vnd.openxmlformats-officedocument.wordprocessingml.document","application/x-tika-ooxml"
"plain-text/variations/application/x-iwork-pages-sffpages/09-4.1-923/lorem-ipsum.pages","application/vnd.apple.pages","application/zip","application/vnd.apple.pages","application/zip"
"plain-text/variations/application/x-iwork-pages-sffpages/09-4.1-923/lorem-ipsum.pages.md","text/plain","text/plain","text/plain","text/plain"
"plain-text/variations/application/x-iwork-pages-sffpages/index.md","text/plain","text/plain","text/plain","text/plain"
"plain-text/variations/image/jpeg/lorem-ipsum.im.jpg","image/jpeg","image/jpeg","image/jpeg","image/jpeg"
"plain-text/variations/image/jpeg/lorem-ipsum.im.png.im.jpg","image/jpeg","image/jpeg","image/jpeg","image/jpeg"
"plain-text/variations/image/png/lorem-ipsum.im.png","image/png","image/png","image/png","image/png"
"plain-text/variations/imagemagick-convert/create-variations.sh","application/x-sh","application/x-sh","application/x-sh","application/x-sh"
"plain-text/variations/multipart/related/index.md","text/plain","text/plain","text/plain","text/plain"
"plain-text/variations/multipart/related/lorem-ipsum.mht","text/html","text/html","text/html","text/html"
"plain-text/variations/multipart/related/lorem-ipsum.mht.md","text/plain","text/plain","text/plain","text/plain"
"plain-text/variations/text/html/4.0/lorem-ipsum.htm","text/html","text/html","text/html","text/html"
"plain-text/variations/text/html/4.0/lorem-ipsum.htm.md","text/plain","text/plain","text/plain","text/plain"
"plain-text/variations/text/html/4.0/lorem-ipsum_files/filelist.xml","application/xml","text/plain","application/xml","text/plain"
"plain-text/variations/text/html/4.0/lorem-ipsum_files/themedata.xml","application/x-tika-ooxml","application/x-tika-ooxml","application/x-tika-ooxml","application/x-tika-ooxml"
"README.md","text/plain","text/plain","text/plain","text/plain"
"statistica/BOXLAAG.STG","application/octet-stream","application/octet-stream","application/octet-stream","application/octet-stream"
"statistica/CORRS.SCR","application/octet-stream","application/octet-stream","application/octet-stream","application/octet-stream"
"statistica/KSBASE.STA","application/octet-stream","application/octet-stream","application/octet-stream","application/octet-stream"
"statistica/PEYNEVL2.STA","application/octet-stream","application/octet-stream","application/octet-stream","application/octet-stream"
"statistica/RAIN8391.SCR","application/octet-stream","application/octet-stream","application/octet-stream","application/octet-stream"
"statistica/readme.md","text/plain","text/plain","text/plain","text/plain"
"statistica/RESID30.STG","application/octet-stream","application/octet-stream","application/octet-stream","application/octet-stream"
"tiff-examples/NANETH_8bpp_grayscale/grayscale_8bpp_wrong_bpptag.tif","image/tiff","image/tiff","image/tiff","image/tiff"
"tiff-examples/NANETH_8bpp_grayscale/grayscale_8bpp_wrong_bpptag.tif.xml","application/rdf+xml","application/rdf+xml","application/rdf+xml","application/rdf+xml"
"tiff-examples/NANETH_8bpp_grayscale/README","text/plain","text/plain","text/plain","text/plain"
"video/Quicktime/animation.mov","video/quicktime","video/quicktime","video/quicktime","video/quicktime"
"video/Quicktime/apple-intermediate-codec.mov","video/quicktime","video/quicktime","video/quicktime","video/quicktime"
"video/Quicktime/apple-prores-422-hq.mov","video/quicktime","video/quicktime","video/quicktime","video/quicktime"
"video/Quicktime/apple-prores-422-lt.mov","video/quicktime","video/quicktime","video/quicktime","video/quicktime"
"video/Quicktime/apple-prores-422-proxy.mov","video/quicktime","video/quicktime","video/quicktime","video/quicktime"
"video/Quicktime/apple-prores-422.mov","video/quicktime","video/quicktime","video/quicktime","video/quicktime"
"video/Quicktime/dv-dvchd-ntsc-interlaced.mov","video/quicktime","video/quicktime","video/quicktime","video/quicktime"
"video/Quicktime/dv-dvchd-ntsc-progressive.mov","video/quicktime","video/quicktime","video/quicktime","video/quicktime"
"video/Quicktime/dv-pal-interlaced.mov","video/quicktime","video/quicktime","video/quicktime","video/quicktime"
"video/Quicktime/dv-pal-progressive.mov","video/quicktime","video/quicktime","video/quicktime","video/quicktime"
"video/Quicktime/dvcpro-hd-1080i50.mov","video/quicktime","video/quicktime","video/quicktime","video/quicktime"
"video/Quicktime/dvcpro-hd-1080i60.mov","video/quicktime","video/quicktime","video/quicktime","video/quicktime"
"video/Quicktime/dvcpro-hd-1080p25.mov","video/quicktime","video/quicktime","video/quicktime","video/quicktime"
"video/Quicktime/dvcpro-hd-1080p30.mov","video/quicktime","video/quicktime","video/quicktime","video/quicktime"
"video/Quicktime/dvcpro-hd-720p50.mov","video/quicktime","video/quicktime","video/quicktime","video/quicktime"
"video/Quicktime/dvcpro-hd-720p60.mov","video/quicktime","video/quicktime","video/quicktime","video/quicktime"
"video/Quicktime/dvcpro-pal-interlaced.mov","video/quicktime","video/quicktime","video/quicktime","video/quicktime"
"video/Quicktime/dvcpro-pal-progressive.mov","video/quicktime","video/quicktime","video/quicktime","video/quicktime"
"video/Quicktime/dvcpro50-ntsc-interlaced.mov","video/quicktime","video/quicktime","video/quicktime","video/quicktime"
"video/Quicktime/dvcpro50-ntsc-progressive.mov","video/quicktime","video/quicktime","video/quicktime","video/quicktime"
"video/Quicktime/dvcpro50-pal-interlaced.mov","video/quicktime","video/quicktime","video/quicktime","video/quicktime"
"video/Quicktime/dvcpro50-pal-progressive.mov","video/quicktime","video/quicktime","video/quicktime","video/quicktime"
"video/Quicktime/hdv-1080i50.mov","video/quicktime","video/quicktime","video/quicktime","video/quicktime"
"video/Quicktime/hdv-1080i60.mov","video/quicktime","video/quicktime","video/quicktime","video/quicktime"
"video/Quicktime/hdv-1080p24.mov","video/quicktime","video/quicktime","video/quicktime","video/quicktime"
"video/Quicktime/hdv-1080p25.mov","video/quicktime","video/quicktime","video/quicktime","video/quicktime"
"video/Quicktime/hdv-1080p30.mov","video/quicktime","video/quicktime","video/quicktime","video/quicktime"
"video/Quicktime/hdv-720p24.mov","video/quicktime","video/quicktime","video/quicktime","video/quicktime"
"video/Quicktime/hdv-720p25.mov","video/quicktime","video/quicktime","video/quicktime","video/quicktime"
"video/Quicktime/hdv-720p30.mov","video/quicktime","video/quicktime","video/quicktime","video/quicktime"
"video/Quicktime/hdv-720p50.mov","video/quicktime","video/quicktime","video/quicktime","video/quicktime"
"video/Quicktime/hdv-720p60.mov","video/quicktime","video/quicktime","video/quicktime","video/quicktime"
"video/Quicktime/jpeg2000.mov","video/quicktime","video/quicktime","video/quicktime","video/quicktime"
"video/Quicktime/mpeg-imx-525-60.mov","video/quicktime","video/quicktime","video/quicktime","video/quicktime"
"video/Quicktime/photo-jpeg.mov","video/quicktime","video/quicktime","video/quicktime","video/quicktime"
"video/Quicktime/png.mov","video/quicktime","video/quicktime","video/quicktime","video/quicktime"
"video/Quicktime/README.md","text/plain","text/plain","text/plain","text/plain"
"video/Quicktime/xdcam-ex-1080i50.mov","video/quicktime","video/quicktime","video/quicktime","video/quicktime"
"video/Quicktime/xdcam-ex-1080i60.mov","video/quicktime","video/quicktime","video/quicktime","video/quicktime"
"video/Quicktime/xdcam-ex-1080p24.mov","video/quicktime","video/quicktime","video/quicktime","video/quicktime"
"video/Quicktime/xdcam-ex-1080p25.mov","video/quicktime","video/quicktime","video/quicktime","video/quicktime"
"video/Quicktime/xdcam-ex-1080p30.mov","video/quicktime","video/quicktime","video/quicktime","video/quicktime"
"video/Quicktime/xdcam-ex-720p24.mov","video/quicktime","video/quicktime","video/quicktime","video/quicktime"
"video/Quicktime/xdcam-ex-720p25.mov","video/quicktime","video/quicktime","video/quicktime","video/quicktime"
"video/Quicktime/xdcam-ex-720p30.mov","video/quicktime","video/quicktime","video/quicktime","video/quicktime"
"video/Quicktime/xdcam-ex-720p50.mov","video/quicktime","video/quicktime","video/quicktime","video/quicktime"
"video/Quicktime/xdcam-ex-720p60.mov","video/quicktime","video/quicktime","video/quicktime","video/quicktime"
"video/Quicktime/xdcam-hd-1080i50.mov","video/quicktime","video/quicktime","video/quicktime","video/quicktime"
"video/Quicktime/xdcam-hd-1080i60.mov","video/quicktime","video/quicktime","video/quicktime","video/quicktime"
"video/Quicktime/xdcam-hd-1080p24.mov","video/quicktime","video/quicktime","video/quicktime","video/quicktime"
"video/Quicktime/xdcam-hd-1080p25.mov","video/quicktime","video/quicktime","video/quicktime","video/quicktime"
"video/Quicktime/xdcam-hd-1080p30.mov","video/quicktime","video/quicktime","video/quicktime","video/quicktime"
"video/Quicktime/xdcam-hd422-1080i50.mov","video/quicktime","video/quicktime","video/quicktime","video/quicktime"
"video/Quicktime/xdcam-hd422-1080i60.mov","video/quicktime","video/quicktime","video/quicktime","video/quicktime"
"video/Quicktime/xdcam-hd422-1080p24.mov","video/quicktime","video/quicktime","video/quicktime","video/quicktime"
"video/Quicktime/xdcam-hd422-1080p25.mov","video/quicktime","video/quicktime","video/quicktime","video/quicktime"
"video/Quicktime/xdcam-hd422-1080p30.mov","video/quicktime","video/quicktime","video/quicktime","video/quicktime"
"video/Quicktime/xdcam-hd422-720p24.mov","video/quicktime","video/quicktime","video/quicktime","video/quicktime"
"video/Quicktime/xdcam-hd422-720p25.mov","video/quicktime","video/quicktime","video/quicktime","video/quicktime"
"video/Quicktime/xdcam-hd422-720p30.mov","video/quicktime","video/quicktime","video/quicktime","video/quicktime"
"video/Quicktime/xdcam-hd422-720p50.mov","video/quicktime","video/quicktime","video/quicktime","video/quicktime"
"video/Quicktime/xdcam-hd422-720p60.mov","video/quicktime","video/quicktime","video/quicktime","video/quicktime"
